PersonID,Gender,Age,EntryTime,DurationMin,Purchased,AmountSpent
P0001,Male,34,17:34,87,No,0.0
P0002,Female,26,19:45,84,Yes,688.46
P0003,Male,50,13:52,112,Yes,377.45
P0004,Male,37,13:43,18,Yes,1692.77
P0005,Male,30,16:51,99,Yes,1472.02
P0006,Female,45,19:31,25,No,0.0
P0007,Male,46,15:34,78,Yes,1310.99
P0008,Male,30,13:41,70,Yes,480.77
P0009,Male,63,10:36,19,No,0.0
P0010,Female,52,14:37,59,Yes,1061.29
P0011,Male,23,13:15,12,Yes,1605.0
P0012,Male,35,18:03,86,No,0.0
P0013,Male,22,14:01,116,Yes,746.52
P0014,Male,64,15:23,103,Yes,761.04
P0015,Female,42,13:11,118,No,0.0
P0016,Male,19,10:16,79,Yes,205.65
P0017,Female,27,18:43,90,Yes,513.64
P0018,Female,47,16:40,118,Yes,1775.73
P0019,Female,62,10:21,60,No,0.0
P0020,Male,22,17:53,28,No,0.0
P0021,Female,50,11:59,51,Yes,995.14
P0022,Male,18,13:29,44,No,0.0
P0023,Female,35,15:05,55,Yes,1971.62
P0024,Female,49,14:29,35,Yes,912.27
P0025,Female,64,14:44,78,Yes,1487.34
P0026,Female,28,13:46,102,Yes,707.45
P0027,Female,38,16:20,73,Yes,854.86
P0028,Female,43,17:39,46,Yes,543.31
P0029,Female,42,10:06,93,No,0.0
P0030,Female,39,10:28,58,Yes,824.71
P0031,Male,44,10:32,30,Yes,1185.03
P0032,Male,30,20:45,83,Yes,1985.19
P0033,Female,50,11:18,73,Yes,1395.56
P0034,Female,51,17:38,14,No,0.0
P0035,Female,58,19:29,109,No,0.0
P0036,Male,52,18:57,79,Yes,558.64
P0037,Female,18,18:01,99,No,0.0
P0038,Male,38,17:09,13,No,0.0
P0039,Male,23,14:44,112,Yes,280.93
P0040,Male,45,18:35,48,No,0.0
P0041,Male,34,11:38,44,Yes,427.44
P0042,Male,22,16:36,10,No,0.0
P0043,Female,48,18:08,33,Yes,1212.6
P0044,Female,22,10:38,66,Yes,1577.29
P0045,Female,55,14:30,109,Yes,1892.75
P0046,Female,20,12:36,79,Yes,228.48
P0047,Female,40,11:14,50,Yes,1140.97
P0048,Male,54,12:09,63,Yes,1047.56
P0049,Female,54,11:23,55,Yes,1380.9
P0050,Female,27,10:21,69,No,0.0
P0051,Male,27,17:38,117,No,0.0
P0052,Female,36,18:58,69,Yes,1207.24
P0053,Male,34,16:21,66,Yes,1436.67
P0054,Female,38,17:19,40,No,0.0
P0055,Male,31,20:03,93,No,0.0
P0056,Female,26,10:20,33,No,0.0
P0057,Female,63,15:02,98,Yes,1384.55
P0058,Male,18,11:23,45,Yes,410.62
P0059,Male,62,20:58,94,Yes,1639.49
P0060,Male,30,17:32,39,Yes,421.82
P0061,Male,21,16:26,33,No,0.0
P0062,Male,18,18:26,117,No,0.0
P0063,Male,57,14:16,115,Yes,1457.36
P0064,Male,49,19:29,39,No,0.0
P0065,Male,51,18:46,95,Yes,949.06
P0066,Female,45,12:41,101,Yes,1124.93
P0067,Female,48,12:42,16,No,0.0
P0068,Male,25,18:43,44,No,0.0
P0069,Female,56,14:30,64,Yes,1825.94
P0070,Female,43,18:11,101,No,0.0
P0071,Female,51,13:27,23,No,0.0
P0072,Female,20,18:58,19,Yes,1801.79
P0073,Male,29,19:43,89,Yes,1672.14
P0074,Female,18,10:59,25,No,0.0
P0075,Male,61,17:09,63,Yes,1118.27
P0076,Female,22,20:56,104,No,0.0
P0077,Female,47,20:04,115,No,0.0
P0078,Female,47,15:08,98,Yes,1525.23
P0079,Male,34,18:39,86,Yes,1123.21
P0080,Female,64,19:50,79,No,0.0
P0081,Male,40,10:26,53,Yes,1765.29
P0082,Female,32,19:21,82,Yes,925.0
P0083,Male,54,13:18,54,Yes,1946.42
P0084,Female,38,16:26,109,Yes,1878.18
P0085,Male,31,15:48,65,No,0.0
P0086,Male,19,18:55,116,No,0.0
P0087,Female,28,16:17,93,Yes,1534.88
P0088,Male,56,19:17,91,Yes,702.95
P0089,Female,55,18:46,116,Yes,436.98
P0090,Female,51,12:32,66,No,0.0
P0091,Female,55,13:25,30,Yes,1738.47
P0092,Female,51,17:34,77,Yes,497.54
P0093,Female,35,14:32,59,Yes,1737.67
P0094,Female,47,13:55,42,Yes,1083.38
P0095,Female,32,18:40,100,No,0.0
P0096,Female,44,18:20,16,Yes,931.8
P0097,Female,51,11:56,79,Yes,1825.74
P0098,Female,55,16:25,24,No,0.0
P0099,Female,50,15:43,91,No,0.0
P0100,Male,41,19:43,41,Yes,1286.93
P0101,Male,32,16:34,84,Yes,1237.91
P0102,Female,47,11:03,29,No,0.0
P0103,Female,59,11:11,97,No,0.0
P0104,Female,34,14:33,24,No,0.0
P0105,Female,22,15:19,57,Yes,1205.78
P0106,Female,46,15:37,80,Yes,868.11
P0107,Female,21,16:05,30,No,0.0
P0108,Female,27,18:14,51,Yes,1614.16
P0109,Female,34,20:06,35,No,0.0
P0110,Male,27,12:45,117,Yes,655.04
P0111,Female,34,19:03,23,No,0.0
P0112,Male,37,10:10,66,Yes,1890.01
P0113,Female,41,15:00,46,No,0.0
P0114,Female,22,11:41,67,Yes,1809.17
P0115,Male,51,17:04,30,No,0.0
P0116,Female,23,16:31,91,No,0.0
P0117,Male,19,13:33,78,Yes,807.46
P0118,Female,30,11:27,12,No,0.0
P0119,Female,60,19:12,96,No,0.0
P0120,Male,60,16:40,99,Yes,1513.03
P0121,Female,28,19:47,46,Yes,1231.8
P0122,Male,64,10:45,97,No,0.0
P0123,Female,40,17:42,58,Yes,807.77
P0124,Male,33,19:51,28,No,0.0
P0125,Male,48,15:09,98,No,0.0
P0126,Female,28,11:25,94,Yes,1979.34
P0127,Female,33,11:31,21,No,0.0
P0128,Male,25,20:59,70,Yes,245.43
P0129,Female,21,14:01,50,Yes,654.76
P0130,Female,57,10:01,42,Yes,1136.13
P0131,Female,21,13:44,59,Yes,1139.52
P0132,Male,42,19:48,77,Yes,1260.08
P0133,Male,20,11:55,115,No,0.0
P0134,Male,49,11:42,80,No,0.0
P0135,Male,20,13:13,95,Yes,1553.02
P0136,Male,44,12:45,42,Yes,1322.26
P0137,Male,46,11:29,90,Yes,1280.51
P0138,Male,49,12:01,33,Yes,296.33
P0139,Male,36,12:22,70,No,0.0
P0140,Male,38,11:45,70,No,0.0
P0141,Female,22,17:07,107,No,0.0
P0142,Male,35,15:04,37,No,0.0
P0143,Female,45,15:16,67,Yes,877.75
P0144,Female,59,20:34,52,No,0.0
P0145,Female,39,10:08,50,Yes,617.7
P0146,Male,38,11:12,48,No,0.0
P0147,Male,23,15:58,95,Yes,677.67
P0148,Male,18,13:42,58,No,0.0
P0149,Male,22,16:55,26,No,0.0
P0150,Female,58,19:12,107,Yes,1197.81
P0151,Male,29,16:09,79,Yes,559.11
P0152,Male,43,14:23,119,No,0.0
P0153,Male,63,15:17,79,Yes,729.11
P0154,Male,51,11:23,107,Yes,626.75
P0155,Male,31,15:17,74,Yes,1907.31
P0156,Female,43,11:50,83,Yes,1900.4
P0157,Male,62,14:10,94,No,0.0
P0158,Female,44,16:22,14,No,0.0
P0159,Male,26,10:06,11,Yes,1297.89
P0160,Female,43,17:38,31,Yes,1864.14
P0161,Male,64,11:23,66,Yes,1614.46
P0162,Male,39,13:27,75,Yes,1261.91
P0163,Female,64,16:29,83,Yes,211.58
P0164,Female,47,15:13,107,Yes,1590.53
P0165,Female,60,10:21,25,No,0.0
P0166,Male,34,16:49,60,No,0.0
P0167,Female,43,18:34,48,Yes,1464.48
P0168,Male,53,12:06,95,Yes,1307.46
P0169,Male,18,10:13,85,Yes,1568.76
P0170,Female,25,10:11,97,Yes,1123.26
P0171,Female,52,11:26,120,Yes,1467.35
P0172,Male,32,18:43,49,Yes,1883.31
P0173,Male,64,18:56,47,No,0.0
P0174,Female,39,15:00,69,Yes,876.45
P0175,Female,31,14:02,68,Yes,1474.62
P0176,Female,43,12:01,19,No,0.0
P0177,Male,45,12:26,108,Yes,1056.24
P0178,Male,40,19:26,73,Yes,1413.92
P0179,Male,31,15:55,72,Yes,1573.21
P0180,Male,41,20:30,58,Yes,281.81
P0181,Male,19,15:08,73,No,0.0
P0182,Male,62,14:47,41,No,0.0
P0183,Female,43,15:06,16,No,0.0
P0184,Male,31,19:53,30,No,0.0
P0185,Male,24,19:08,29,No,0.0
P0186,Male,20,15:51,35,Yes,1363.88
P0187,Female,64,15:11,77,Yes,608.13
P0188,Male,40,10:58,119,Yes,1406.06
P0189,Male,63,20:42,95,No,0.0
P0190,Female,60,10:34,24,Yes,1042.99
P0191,Male,64,17:24,113,Yes,1592.39
P0192,Male,62,11:32,94,Yes,422.12
P0193,Male,35,13:26,88,Yes,1327.38
P0194,Male,55,15:52,95,Yes,701.25
P0195,Male,52,15:31,101,No,0.0
P0196,Female,32,12:38,23,Yes,1735.37
P0197,Female,42,10:23,36,No,0.0
P0198,Female,54,16:43,114,Yes,1871.09
P0199,Male,45,18:35,49,No,0.0
P0200,Male,27,16:03,67,No,0.0
P0201,Male,56,16:21,37,Yes,1993.52
P0202,Female,34,18:51,35,Yes,1632.81
P0203,Male,56,12:31,72,No,0.0
P0204,Male,39,19:21,75,Yes,1556.72
P0205,Female,43,20:07,34,No,0.0
P0206,Male,61,20:16,12,Yes,587.9
P0207,Female,42,16:59,81,Yes,804.81
P0208,Female,34,14:09,53,No,0.0
P0209,Female,30,11:56,106,No,0.0
P0210,Male,37,18:31,51,Yes,1038.23
P0211,Male,42,19:37,108,No,0.0
P0212,Male,21,15:34,15,No,0.0
P0213,Male,27,16:57,48,Yes,1592.09
P0214,Male,20,14:54,61,Yes,1846.94
P0215,Male,58,16:10,32,Yes,540.45
P0216,Male,62,13:05,98,No,0.0
P0217,Female,35,14:05,59,Yes,1860.26
P0218,Male,64,20:36,52,Yes,1452.12
P0219,Female,53,14:27,28,Yes,1299.39
P0220,Male,64,20:42,78,Yes,559.71
P0221,Male,39,13:56,60,Yes,299.95
P0222,Male,51,18:49,20,No,0.0
P0223,Female,64,19:11,21,No,0.0
P0224,Female,25,10:20,83,No,0.0
P0225,Female,57,18:39,17,No,0.0
P0226,Female,61,11:39,33,Yes,1223.24
P0227,Male,36,17:57,101,No,0.0
P0228,Female,59,19:58,50,No,0.0
P0229,Male,58,14:57,45,Yes,1372.73
P0230,Male,54,18:45,110,Yes,579.41
P0231,Female,23,15:33,94,Yes,1201.62
P0232,Female,43,10:01,81,Yes,1741.69
P0233,Female,51,16:14,64,No,0.0
P0234,Female,62,14:52,18,No,0.0
P0235,Female,23,19:12,56,No,0.0
P0236,Female,54,15:17,24,No,0.0
P0237,Female,50,18:21,57,Yes,1703.12
P0238,Female,39,16:20,119,No,0.0
P0239,Male,38,20:22,113,Yes,1869.24
P0240,Female,23,10:13,91,Yes,858.59
P0241,Female,23,18:23,51,Yes,772.49
P0242,Male,21,13:50,69,Yes,1548.97
P0243,Female,47,11:23,93,Yes,976.0
P0244,Male,28,12:09,79,Yes,357.59
P0245,Male,47,12:24,21,No,0.0
P0246,Female,48,10:27,11,No,0.0
P0247,Male,41,11:05,16,No,0.0
P0248,Male,26,12:42,89,Yes,709.04
P0249,Male,20,13:48,12,No,0.0
P0250,Male,48,14:20,118,No,0.0
P0251,Female,57,17:28,12,Yes,953.45
P0252,Male,54,17:03,36,Yes,726.53
P0253,Female,53,17:39,116,Yes,797.97
P0254,Male,41,15:00,49,Yes,728.8
P0255,Male,48,15:02,111,No,0.0
P0256,Male,23,14:46,42,No,0.0
P0257,Male,19,16:34,101,Yes,274.7
P0258,Female,37,10:09,10,No,0.0
P0259,Female,45,20:29,17,No,0.0
P0260,Male,28,14:29,110,No,0.0
P0261,Male,21,19:51,41,No,0.0
P0262,Female,32,20:04,57,Yes,1346.77
P0263,Male,23,16:00,116,No,0.0
P0264,Male,47,14:16,110,No,0.0
P0265,Male,55,12:12,13,No,0.0
P0266,Female,19,14:35,103,Yes,1275.13
P0267,Female,32,18:32,79,Yes,1376.09
P0268,Female,28,15:12,119,No,0.0
P0269,Male,25,19:35,28,No,0.0
P0270,Male,43,14:43,41,No,0.0
P0271,Female,62,12:00,18,No,0.0
P0272,Female,61,11:46,21,No,0.0
P0273,Female,22,13:23,20,No,0.0
P0274,Female,23,12:44,55,No,0.0
P0275,Male,43,15:04,25,No,0.0
P0276,Female,21,18:16,10,No,0.0
P0277,Male,36,20:31,72,No,0.0
P0278,Female,37,19:15,118,Yes,546.16
P0279,Male,50,12:35,30,No,0.0
P0280,Female,37,16:06,39,Yes,732.18
P0281,Female,29,20:19,22,No,0.0
P0282,Female,64,14:10,43,No,0.0
P0283,Female,18,15:33,13,Yes,1315.31
P0284,Male,43,20:41,37,Yes,1279.33
P0285,Female,31,18:30,111,Yes,1111.39
P0286,Male,55,14:52,104,No,0.0
P0287,Male,54,10:19,68,Yes,830.74
P0288,Male,28,14:41,36,No,0.0
P0289,Male,53,10:00,78,Yes,1843.28
P0290,Female,30,11:58,34,No,0.0
P0291,Male,60,10:34,12,No,0.0
P0292,Male,20,13:17,106,Yes,811.59
P0293,Male,50,18:04,77,Yes,1020.11
P0294,Female,23,10:58,34,Yes,1420.6
P0295,Female,27,12:40,29,No,0.0
P0296,Female,22,13:25,43,Yes,1177.44
P0297,Female,40,10:11,35,Yes,824.39
P0298,Male,27,18:09,14,Yes,984.16
P0299,Male,61,14:35,108,Yes,1630.07
P0300,Female,19,14:01,70,Yes,700.63
P0301,Male,30,13:35,101,Yes,456.06
P0302,Male,57,14:10,102,No,0.0
P0303,Male,19,12:05,18,No,0.0
P0304,Female,37,13:36,111,Yes,763.69
P0305,Female,18,15:05,59,Yes,1729.16
P0306,Male,54,13:04,15,No,0.0
P0307,Female,26,10:38,92,No,0.0
P0308,Female,34,13:42,69,No,0.0
P0309,Female,26,13:03,53,No,0.0
P0310,Female,28,18:14,20,Yes,360.18
P0311,Female,32,17:06,75,No,0.0
P0312,Male,41,12:57,56,No,0.0
P0313,Female,55,17:07,117,Yes,1985.05
P0314,Male,52,14:53,117,No,0.0
P0315,Male,47,12:30,82,Yes,1173.81
P0316,Female,48,16:23,94,Yes,1972.72
P0317,Male,22,20:37,97,Yes,1890.19
P0318,Male,61,15:07,107,Yes,1015.06
P0319,Male,31,15:35,95,No,0.0
P0320,Female,28,16:14,12,No,0.0
P0321,Female,26,10:07,85,Yes,557.28
P0322,Male,51,15:40,101,Yes,496.79
P0323,Female,29,12:08,39,No,0.0
P0324,Female,52,15:51,99,Yes,631.98
P0325,Female,52,15:57,30,No,0.0
P0326,Female,18,18:36,37,No,0.0
P0327,Male,57,18:14,99,No,0.0
P0328,Male,39,11:25,71,Yes,1478.24
P0329,Female,46,12:54,42,No,0.0
P0330,Female,25,13:12,94,No,0.0
P0331,Male,28,15:10,44,No,0.0
P0332,Male,58,11:58,61,Yes,691.31
P0333,Female,54,13:37,43,Yes,814.57
P0334,Male,31,17:06,50,Yes,1007.8
P0335,Female,47,16:53,60,Yes,1843.82
P0336,Female,52,11:53,56,Yes,540.91
P0337,Male,38,12:24,91,Yes,209.05
P0338,Male,54,18:57,67,Yes,308.17
P0339,Female,22,20:47,84,Yes,1828.58
P0340,Female,36,15:02,66,Yes,1365.53
P0341,Male,31,19:47,32,No,0.0
P0342,Female,43,15:44,57,Yes,691.47
P0343,Male,21,10:00,31,Yes,518.95
P0344,Female,42,12:26,26,No,0.0
P0345,Male,62,14:46,78,Yes,729.68
P0346,Male,59,20:53,117,No,0.0
P0347,Male,42,10:52,20,No,0.0
P0348,Female,35,15:03,103,Yes,406.63
P0349,Female,57,11:08,24,No,0.0
P0350,Male,25,16:00,100,Yes,1894.76
P0351,Female,56,20:01,44,Yes,1611.57
P0352,Male,57,13:39,42,Yes,1032.3
P0353,Male,31,19:34,93,Yes,1756.93
P0354,Female,49,19:44,25,No,0.0
P0355,Female,55,12:40,43,Yes,649.02
P0356,Male,50,11:28,75,Yes,1490.82
P0357,Female,40,19:44,108,Yes,1741.04
P0358,Female,32,19:48,49,Yes,842.18
P0359,Male,50,12:38,37,Yes,1563.44
P0360,Male,42,18:08,56,Yes,731.13
P0361,Female,34,15:23,48,No,0.0
P0362,Male,50,20:09,79,Yes,737.94
P0363,Male,64,16:20,82,Yes,392.7
P0364,Female,19,11:41,29,Yes,992.1
P0365,Male,31,18:13,10,No,0.0
P0366,Male,57,20:43,81,No,0.0
P0367,Female,57,20:13,96,Yes,1513.48
P0368,Female,56,10:18,72,Yes,1892.4
P0369,Male,23,17:33,76,Yes,1286.83
P0370,Male,23,18:01,13,No,0.0
P0371,Female,20,19:53,67,Yes,1753.64
P0372,Female,24,16:36,34,Yes,1680.49
P0373,Female,25,14:38,56,No,0.0
P0374,Female,59,16:04,47,Yes,512.02
P0375,Male,32,15:30,24,No,0.0
P0376,Female,64,20:40,72,No,0.0
P0377,Female,46,15:43,30,Yes,1074.47
P0378,Male,50,17:34,108,Yes,410.46
P0379,Female,47,20:00,66,Yes,1427.88
P0380,Male,56,20:54,62,Yes,1909.82
P0381,Female,44,11:04,55,No,0.0
P0382,Female,53,11:15,23,No,0.0
P0383,Female,46,12:22,109,Yes,446.76
P0384,Male,55,20:04,85,No,0.0
P0385,Male,50,17:52,26,No,0.0
P0386,Female,54,16:56,48,Yes,1520.99
P0387,Male,44,15:04,18,No,0.0
P0388,Male,50,18:16,108,Yes,1338.03
P0389,Male,21,14:50,86,No,0.0
P0390,Male,39,11:41,88,Yes,1250.49
P0391,Male,19,14:26,91,Yes,902.22
P0392,Male,27,20:21,106,Yes,839.24
P0393,Female,22,10:02,15,Yes,281.45
P0394,Female,27,11:24,100,Yes,592.24
P0395,Male,50,15:27,32,Yes,227.32
P0396,Female,55,17:29,68,Yes,1246.55
P0397,Female,30,17:33,100,No,0.0
P0398,Female,48,20:28,107,Yes,390.54
P0399,Female,64,13:40,55,Yes,1771.43
P0400,Male,53,12:33,47,Yes,1141.66
P0401,Female,62,10:11,23,No,0.0
P0402,Female,41,12:12,109,No,0.0
P0403,Male,32,15:03,81,Yes,1459.44
P0404,Male,46,14:52,71,No,0.0
P0405,Female,25,14:59,44,Yes,939.54
P0406,Female,22,10:42,28,Yes,1209.04
P0407,Female,46,15:42,39,Yes,1896.79
P0408,Female,64,15:25,87,Yes,348.92
P0409,Female,21,18:17,93,No,0.0
P0410,Female,29,16:03,34,Yes,657.09
P0411,Male,62,17:06,49,Yes,1603.98
P0412,Female,19,10:20,97,No,0.0
P0413,Female,44,16:46,23,No,0.0
P0414,Male,48,20:18,35,Yes,377.73
P0415,Male,53,15:35,111,Yes,336.19
P0416,Male,53,11:56,96,Yes,850.77
P0417,Male,43,12:03,31,Yes,365.9
P0418,Female,60,16:38,57,Yes,1253.14
P0419,Female,44,10:50,92,Yes,607.3
P0420,Female,22,15:23,119,Yes,1812.26
P0421,Female,37,12:20,60,No,0.0
P0422,Female,28,17:49,12,No,0.0
P0423,Female,27,15:33,51,Yes,1610.3
P0424,Male,57,16:12,28,No,0.0
P0425,Female,55,19:23,82,Yes,1459.47
P0426,Male,23,18:13,37,Yes,1310.5
P0427,Male,25,18:58,93,Yes,1754.24
P0428,Female,40,12:35,54,Yes,601.51
P0429,Male,64,14:50,80,No,0.0
P0430,Female,43,20:47,87,Yes,1771.6
P0431,Male,63,12:23,72,No,0.0
P0432,Female,60,11:45,82,Yes,1621.09
P0433,Male,29,16:59,28,No,0.0
P0434,Female,43,20:57,56,Yes,1546.69
P0435,Female,30,10:01,23,No,0.0
P0436,Female,57,19:48,47,Yes,1210.26
P0437,Female,35,20:43,62,Yes,643.24
P0438,Female,42,11:29,70,Yes,962.39
P0439,Male,50,15:44,45,No,0.0
P0440,Male,64,15:49,49,Yes,1628.43
P0441,Male,57,17:38,90,Yes,257.2
P0442,Female,60,14:22,39,Yes,1607.69
P0443,Male,29,15:50,18,No,0.0
P0444,Female,61,11:47,73,Yes,632.13
P0445,Female,53,19:45,42,Yes,459.76
P0446,Male,21,10:38,61,No,0.0
P0447,Male,22,12:38,98,No,0.0
P0448,Female,54,19:42,23,No,0.0
P0449,Male,25,15:11,84,Yes,408.26
P0450,Female,59,14:00,62,No,0.0
P0451,Female,45,17:24,108,No,0.0
P0452,Female,48,14:57,114,Yes,249.05
P0453,Female,26,10:35,68,Yes,1142.46
P0454,Female,46,11:23,87,Yes,592.87
P0455,Male,31,17:31,103,No,0.0
P0456,Male,57,16:24,50,Yes,1980.98
P0457,Female,58,12:51,77,Yes,1233.99
P0458,Female,39,16:15,77,Yes,448.19
P0459,Male,28,16:01,101,No,0.0
P0460,Male,40,19:18,17,No,0.0
P0461,Female,18,12:20,11,No,0.0
P0462,Male,63,11:57,114,Yes,1439.77
P0463,Female,54,14:36,119,Yes,1815.94
P0464,Male,38,13:39,95,Yes,1541.32
P0465,Female,43,10:25,50,Yes,337.59
P0466,Male,63,18:40,64,Yes,1812.59
P0467,Female,53,10:09,25,No,0.0
P0468,Male,40,16:17,102,Yes,1629.07
P0469,Male,18,20:32,71,Yes,484.95
P0470,Female,57,20:36,57,No,0.0
P0471,Male,32,19:43,39,Yes,293.21
P0472,Female,38,12:31,21,No,0.0
P0473,Male,64,10:48,44,Yes,1203.16
P0474,Female,26,12:33,20,Yes,480.86
P0475,Male,26,14:52,73,Yes,1702.26
P0476,Female,27,19:39,119,Yes,845.0
P0477,Male,43,10:49,59,Yes,1843.21
P0478,Female,58,18:50,94,Yes,1218.24
P0479,Male,52,20:11,30,Yes,528.81
P0480,Female,42,10:59,78,Yes,451.28
P0481,Female,43,12:46,57,Yes,1237.65
P0482,Female,28,13:21,29,No,0.0
P0483,Male,55,12:25,110,No,0.0
P0484,Female,19,17:18,76,No,0.0
P0485,Male,24,14:01,53,Yes,1571.39
P0486,Female,35,19:40,42,No,0.0
P0487,Male,44,19:20,82,No,0.0
P0488,Female,51,18:02,70,Yes,1606.71
P0489,Male,44,11:47,18,No,0.0
P0490,Male,34,13:45,77,Yes,696.36
P0491,Female,60,20:30,44,No,0.0
P0492,Male,61,17:11,90,No,0.0
P0493,Male,41,20:54,107,Yes,567.64
P0494,Female,42,16:58,97,Yes,230.16
P0495,Male,24,17:34,105,No,0.0
P0496,Male,23,12:39,74,Yes,1422.56
P0497,Male,41,18:42,17,No,0.0
P0498,Female,50,20:49,54,No,0.0
P0499,Male,46,19:49,96,Yes,337.82
P0500,Female,60,11:16,56,Yes,957.37
P0501,Male,39,18:28,49,Yes,1283.03
P0502,Male,43,17:20,85,Yes,1886.8
P0503,Male,45,14:13,63,Yes,761.24
P0504,Female,38,15:19,85,Yes,649.59
P0505,Male,24,14:22,55,Yes,1377.49
P0506,Male,34,19:56,56,Yes,1314.63
P0507,Female,37,20:57,24,No,0.0
P0508,Male,58,19:13,114,Yes,797.8
P0509,Female,37,16:13,28,No,0.0
P0510,Female,39,20:36,35,Yes,1870.58
P0511,Male,45,12:46,61,Yes,1720.75
P0512,Female,57,17:38,102,Yes,603.17
P0513,Male,24,14:39,31,Yes,630.46
P0514,Female,18,15:01,113,No,0.0
P0515,Female,49,18:50,30,Yes,1122.14
P0516,Male,30,19:39,60,Yes,1592.43
P0517,Female,47,13:37,47,Yes,279.27
P0518,Female,40,11:41,29,No,0.0
P0519,Female,36,19:13,38,Yes,1448.0
P0520,Female,49,14:47,60,Yes,1366.82
P0521,Female,47,12:46,13,No,0.0
P0522,Male,46,20:20,64,No,0.0
P0523,Female,62,10:35,80,Yes,616.66
P0524,Male,46,15:52,101,Yes,1426.44
P0525,Female,47,11:12,37,Yes,1892.33
P0526,Male,33,20:47,13,No,0.0
P0527,Male,57,15:52,31,Yes,284.21
P0528,Female,36,11:09,85,Yes,775.37
P0529,Female,35,17:04,54,Yes,988.72
P0530,Female,18,19:20,76,Yes,1818.67
P0531,Male,31,20:41,95,Yes,1932.07
P0532,Female,64,18:36,117,Yes,999.41
P0533,Male,19,17:07,75,Yes,1550.05
P0534,Male,45,18:58,97,Yes,1156.99
P0535,Male,47,12:39,43,Yes,1168.01
P0536,Female,55,12:28,100,No,0.0
P0537,Female,21,13:49,64,Yes,700.58
P0538,Male,18,19:21,114,No,0.0
P0539,Male,25,11:06,10,No,0.0
P0540,Female,46,16:20,81,Yes,590.52
P0541,Male,56,10:57,96,Yes,718.41
P0542,Female,20,14:18,47,Yes,1201.39
P0543,Male,49,15:41,15,No,0.0
P0544,Female,27,12:09,95,No,0.0
P0545,Male,27,12:51,34,Yes,252.48
P0546,Female,36,20:13,91,No,0.0
P0547,Male,63,13:28,26,Yes,1833.05
P0548,Female,51,15:53,70,No,0.0
P0549,Female,50,17:50,21,No,0.0
P0550,Male,40,11:55,15,No,0.0
P0551,Male,45,14:23,99,Yes,481.31
P0552,Female,49,17:21,36,Yes,596.16
P0553,Male,24,19:07,17,No,0.0
P0554,Female,46,17:32,92,No,0.0
P0555,Male,25,17:56,115,Yes,1132.9
P0556,Female,18,14:46,74,No,0.0
P0557,Female,20,15:02,66,Yes,1478.21
P0558,Female,41,15:10,102,No,0.0
P0559,Female,40,13:27,118,No,0.0
P0560,Female,25,20:17,108,No,0.0
P0561,Female,64,17:25,49,Yes,372.31
P0562,Male,54,20:32,23,No,0.0
P0563,Male,20,10:54,44,No,0.0
P0564,Male,50,10:11,57,Yes,771.85
P0565,Female,45,20:56,118,Yes,1943.61
P0566,Female,64,16:39,93,Yes,672.22
P0567,Female,25,20:47,65,No,0.0
P0568,Female,51,18:34,58,Yes,763.49
P0569,Male,52,20:55,22,No,0.0
P0570,Male,49,19:01,70,No,0.0
P0571,Female,41,13:56,111,Yes,1705.7
P0572,Male,31,14:38,58,No,0.0
P0573,Male,49,15:47,55,Yes,290.39
P0574,Female,63,20:26,71,Yes,1036.3
P0575,Male,60,11:43,17,Yes,883.31
P0576,Female,33,20:29,52,Yes,769.86
P0577,Male,21,18:36,29,No,0.0
P0578,Female,54,14:07,106,Yes,714.26
P0579,Female,38,16:03,99,Yes,364.47
P0580,Female,31,15:20,48,Yes,766.69
P0581,Female,48,20:32,94,Yes,277.49
P0582,Male,35,14:45,58,Yes,1605.73
P0583,Female,24,12:28,73,Yes,916.81
P0584,Female,27,11:23,71,Yes,999.03
P0585,Female,24,16:45,115,No,0.0
P0586,Male,50,17:35,116,Yes,1808.47
P0587,Female,40,12:40,63,Yes,1384.5
P0588,Male,38,17:39,114,Yes,214.51
P0589,Female,36,19:09,18,No,0.0
P0590,Male,36,18:19,97,Yes,1897.71
P0591,Male,53,18:28,46,Yes,626.86
P0592,Female,46,20:53,58,Yes,393.71
P0593,Male,35,18:00,50,No,0.0
P0594,Female,19,11:53,26,Yes,1582.63
P0595,Female,18,19:37,97,No,0.0
P0596,Female,64,16:00,30,No,0.0
P0597,Male,22,15:40,60,Yes,1100.86
P0598,Male,37,17:28,68,No,0.0
P0599,Female,28,12:59,48,Yes,980.79
P0600,Female,59,16:46,64,No,0.0
P0601,Male,19,13:15,50,No,0.0
P0602,Female,20,17:45,48,No,0.0
P0603,Female,40,15:10,22,Yes,649.11
P0604,Female,29,14:21,73,No,0.0
P0605,Male,37,16:58,20,No,0.0
P0606,Male,22,16:45,119,No,0.0
P0607,Male,54,12:22,28,No,0.0
P0608,Female,55,15:41,20,No,0.0
P0609,Female,47,15:15,86,Yes,1185.45
P0610,Female,26,11:40,55,Yes,693.89
P0611,Male,51,14:03,54,Yes,1822.85
P0612,Female,61,18:09,10,No,0.0
P0613,Female,52,10:11,49,Yes,587.37
P0614,Female,39,13:58,117,Yes,1791.84
P0615,Female,61,19:20,28,No,0.0
P0616,Male,41,10:41,85,Yes,1206.93
P0617,Male,34,19:53,81,Yes,1691.28
P0618,Female,27,17:08,81,Yes,1483.12
P0619,Male,47,12:37,70,Yes,1454.05
P0620,Male,63,13:35,118,Yes,783.82
P0621,Female,40,17:41,21,Yes,621.01
P0622,Female,49,12:13,70,Yes,579.6
P0623,Male,34,11:06,42,Yes,1742.94
P0624,Female,34,10:06,54,No,0.0
P0625,Male,31,18:45,99,Yes,1676.77
P0626,Female,26,11:12,112,Yes,993.03
P0627,Male,57,16:38,101,No,0.0
P0628,Female,19,16:44,78,Yes,438.33
P0629,Male,62,19:37,17,No,0.0
P0630,Male,42,12:09,34,No,0.0
P0631,Male,56,17:45,100,No,0.0
P0632,Female,26,13:25,55,No,0.0
P0633,Male,39,14:25,96,No,0.0
P0634,Male,60,18:56,39,No,0.0
P0635,Female,63,14:12,118,Yes,888.05
P0636,Female,21,14:48,56,No,0.0
P0637,Male,43,12:43,96,Yes,1314.82
P0638,Male,46,11:34,58,No,0.0
P0639,Female,62,11:49,56,Yes,1017.93
P0640,Female,51,15:35,93,Yes,1604.34
P0641,Female,40,13:57,91,Yes,1995.72
P0642,Female,54,16:20,27,No,0.0
P0643,Female,28,17:15,75,Yes,544.04
P0644,Male,23,18:02,77,No,0.0
P0645,Female,35,10:24,103,No,0.0
P0646,Male,38,20:52,42,Yes,1027.37
P0647,Male,59,11:56,45,No,0.0
P0648,Male,53,18:01,91,No,0.0
P0649,Female,58,16:31,110,Yes,975.77
P0650,Male,55,18:56,28,No,0.0
P0651,Male,51,11:18,120,Yes,748.09
P0652,Female,34,19:39,37,Yes,556.57
P0653,Male,54,12:52,49,Yes,318.25
P0654,Male,42,10:11,93,No,0.0
P0655,Female,55,12:07,106,Yes,1796.81
P0656,Male,29,20:07,85,No,0.0
P0657,Male,40,11:31,24,No,0.0
P0658,Male,59,20:52,50,Yes,955.73
P0659,Female,39,19:02,48,No,0.0
P0660,Female,38,18:51,11,No,0.0
P0661,Female,44,20:57,72,Yes,1094.41
P0662,Male,48,17:26,38,Yes,1850.5
P0663,Male,23,16:29,114,Yes,1597.32
P0664,Female,44,10:42,83,Yes,434.9
P0665,Male,57,14:13,75,Yes,1217.76
P0666,Male,51,12:09,60,Yes,996.05
P0667,Female,29,10:59,84,Yes,1634.98
P0668,Female,62,17:46,86,No,0.0
P0669,Male,24,14:46,19,No,0.0
P0670,Male,27,18:36,23,No,0.0
P0671,Male,62,17:46,91,Yes,1503.62
P0672,Female,34,15:44,60,No,0.0
P0673,Female,43,20:41,82,No,0.0
P0674,Female,38,16:21,48,Yes,1442.73
P0675,Female,45,14:12,37,No,0.0
P0676,Male,63,10:55,12,Yes,812.98
P0677,Female,19,17:42,93,Yes,1648.93
P0678,Female,60,17:36,79,Yes,294.3
P0679,Female,18,11:22,36,Yes,487.32
P0680,Female,53,11:38,11,No,0.0
P0681,Female,43,12:28,102,No,0.0
P0682,Male,46,15:28,47,Yes,804.12
P0683,Male,38,12:35,12,No,0.0
P0684,Female,28,13:09,25,No,0.0
P0685,Male,57,18:13,103,Yes,338.25
P0686,Female,28,14:22,49,Yes,622.99
P0687,Female,53,11:19,11,No,0.0
P0688,Male,56,16:39,90,Yes,1694.27
P0689,Male,57,20:08,50,Yes,1906.85
P0690,Female,52,14:19,21,Yes,748.28
P0691,Female,51,20:14,44,Yes,676.13
P0692,Female,64,19:11,116,No,0.0
P0693,Male,41,11:40,74,Yes,703.81
P0694,Female,39,15:58,64,No,0.0
P0695,Female,22,16:19,54,Yes,699.89
P0696,Female,50,13:40,88,No,0.0
P0697,Male,53,16:59,99,No,0.0
P0698,Female,64,12:03,110,Yes,264.67
P0699,Female,37,17:01,94,Yes,1868.45
P0700,Male,36,13:50,71,No,0.0
P0701,Female,52,11:02,58,Yes,584.66
P0702,Female,60,18:04,104,Yes,956.01
P0703,Male,34,20:27,34,Yes,217.44
P0704,Female,62,19:33,32,Yes,1744.32
P0705,Male,60,18:02,33,Yes,1516.08
P0706,Male,51,18:38,47,No,0.0
P0707,Female,26,12:34,37,Yes,1904.16
P0708,Female,43,11:31,30,No,0.0
P0709,Female,19,18:45,63,No,0.0
P0710,Female,26,17:34,116,Yes,1606.91
P0711,Male,26,19:57,27,No,0.0
P0712,Female,57,20:44,45,Yes,764.67
P0713,Male,34,18:29,108,Yes,646.17
P0714,Female,18,13:02,54,No,0.0
P0715,Female,42,16:25,82,Yes,1455.89
P0716,Female,60,19:33,62,No,0.0
P0717,Male,57,16:44,111,No,0.0
P0718,Female,59,14:05,39,No,0.0
P0719,Female,42,19:50,69,Yes,855.4
P0720,Female,56,20:49,117,No,0.0
P0721,Female,52,17:50,107,Yes,1219.19
P0722,Male,20,17:02,41,Yes,211.26
P0723,Female,54,11:04,76,No,0.0
P0724,Male,61,10:12,76,Yes,311.39
P0725,Male,61,13:32,37,No,0.0
P0726,Male,47,14:01,53,No,0.0
P0727,Male,55,18:12,88,No,0.0
P0728,Male,51,13:32,50,Yes,1163.66
P0729,Male,29,15:37,72,No,0.0
P0730,Female,36,12:52,32,Yes,1218.93
P0731,Male,54,12:43,113,No,0.0
P0732,Male,61,17:44,84,Yes,1552.62
P0733,Male,34,18:16,57,Yes,437.54
P0734,Female,27,16:34,41,Yes,1123.73
P0735,Female,64,15:07,66,Yes,550.01
P0736,Male,29,13:02,109,Yes,367.75
P0737,Female,33,20:28,42,No,0.0
P0738,Male,41,18:29,33,Yes,938.89
P0739,Male,36,19:05,48,Yes,494.01
P0740,Female,25,19:23,43,Yes,599.21
P0741,Male,48,20:23,65,Yes,771.6
P0742,Female,38,19:53,37,Yes,666.9
P0743,Female,34,13:46,46,Yes,357.66
P0744,Male,40,17:15,16,Yes,361.85
P0745,Male,54,17:01,77,Yes,547.85
P0746,Female,33,19:13,46,Yes,291.01
P0747,Male,23,10:20,65,Yes,1327.62
P0748,Male,25,19:13,74,Yes,717.19
P0749,Male,42,16:36,74,No,0.0
P0750,Female,35,20:24,56,No,0.0
P0751,Female,42,11:44,29,No,0.0
P0752,Male,29,13:11,28,No,0.0
P0753,Female,32,10:16,38,Yes,703.54
P0754,Female,43,11:59,83,Yes,797.6
P0755,Female,58,16:32,69,No,0.0
P0756,Female,62,17:04,27,Yes,1393.03
P0757,Female,43,12:08,101,No,0.0
P0758,Male,64,12:09,44,Yes,1767.14
P0759,Male,49,19:31,52,Yes,1566.36
P0760,Male,27,19:19,120,Yes,1509.55
P0761,Female,33,10:28,104,No,0.0
P0762,Female,24,11:36,100,Yes,1071.9
P0763,Male,34,10:09,20,No,0.0
P0764,Female,40,14:01,58,Yes,1448.85
P0765,Male,43,13:51,47,Yes,1194.97
P0766,Male,38,14:43,73,Yes,589.25
P0767,Male,39,13:19,78,Yes,575.46
P0768,Female,24,11:18,17,No,0.0
P0769,Female,31,12:52,43,Yes,733.51
P0770,Male,32,17:46,57,No,0.0
P0771,Male,24,19:40,65,No,0.0
P0772,Male,26,16:55,85,Yes,1839.44
P0773,Male,25,17:28,111,Yes,1185.35
P0774,Female,40,11:26,74,Yes,1521.03
P0775,Female,46,11:40,40,Yes,823.81
P0776,Male,35,10:07,13,Yes,933.89
P0777,Male,48,13:19,118,Yes,426.02
P0778,Female,47,18:24,59,Yes,508.33
P0779,Female,56,11:26,78,Yes,1689.24
P0780,Male,52,10:42,39,Yes,1252.71
P0781,Male,35,16:24,97,Yes,807.56
P0782,Male,59,20:20,68,Yes,1645.13
P0783,Female,56,17:14,76,No,0.0
P0784,Female,34,16:47,84,Yes,643.74
P0785,Female,31,18:02,54,Yes,1956.86
P0786,Male,48,10:16,13,No,0.0
P0787,Male,41,20:44,35,Yes,820.67
P0788,Female,52,12:27,36,Yes,807.16
P0789,Female,61,14:36,55,Yes,761.44
P0790,Male,62,13:51,116,Yes,419.8
P0791,Female,51,16:05,73,Yes,400.05
P0792,Female,20,13:47,100,Yes,1366.59
P0793,Male,54,20:50,115,Yes,1775.21
P0794,Female,60,17:15,60,Yes,1622.94
P0795,Male,57,16:38,59,No,0.0
P0796,Male,43,13:30,15,No,0.0
P0797,Male,40,16:30,68,Yes,453.99
P0798,Male,61,18:18,24,No,0.0
P0799,Male,56,18:59,39,Yes,1182.05
P0800,Male,32,19:22,51,Yes,390.06
P0801,Male,21,18:10,110,No,0.0
P0802,Female,46,17:21,46,Yes,281.53
P0803,Male,39,14:20,51,Yes,1381.49
P0804,Male,42,15:49,110,Yes,1163.27
P0805,Female,30,15:51,44,Yes,347.64
P0806,Female,35,18:39,96,No,0.0
P0807,Female,50,15:19,15,No,0.0
P0808,Male,33,12:17,77,No,0.0
P0809,Female,62,19:09,27,No,0.0
P0810,Male,59,20:22,82,Yes,262.89
P0811,Male,61,16:07,38,Yes,1981.56
P0812,Male,19,13:39,86,Yes,254.04
P0813,Male,52,15:36,68,Yes,1000.15
P0814,Female,59,13:42,56,Yes,1108.31
P0815,Female,51,20:47,26,No,0.0
P0816,Male,47,15:59,118,Yes,411.1
P0817,Male,30,15:28,105,Yes,504.31
P0818,Male,30,17:42,31,Yes,833.25
P0819,Female,35,19:20,77,Yes,1571.02
P0820,Male,49,16:21,78,No,0.0
P0821,Male,49,19:49,46,Yes,1112.75
P0822,Female,52,20:16,114,Yes,1348.22
P0823,Female,56,12:48,58,No,0.0
P0824,Male,63,13:36,22,No,0.0
P0825,Female,46,16:17,43,Yes,1973.31
P0826,Female,46,11:58,118,Yes,1582.41
P0827,Male,61,13:09,95,No,0.0
P0828,Female,33,16:09,62,Yes,981.85
P0829,Male,61,12:28,96,No,0.0
P0830,Female,64,20:51,60,No,0.0
P0831,Male,27,18:07,12,No,0.0
P0832,Male,47,16:13,51,No,0.0
P0833,Male,42,12:39,107,No,0.0
P0834,Female,56,15:50,41,No,0.0
P0835,Male,37,14:47,118,No,0.0
P0836,Female,22,14:47,60,Yes,1003.6
P0837,Male,18,13:45,94,Yes,1313.79
P0838,Male,47,18:42,55,Yes,1397.66
P0839,Female,20,18:41,117,Yes,1101.28
P0840,Male,62,14:32,30,No,0.0
P0841,Male,31,16:41,53,No,0.0
P0842,Female,47,13:02,20,No,0.0
P0843,Male,21,18:07,112,Yes,1360.75
P0844,Male,35,12:03,77,No,0.0
P0845,Male,54,20:25,10,No,0.0
P0846,Male,42,16:53,101,Yes,242.36
P0847,Female,18,12:51,72,Yes,973.32
P0848,Female,63,14:47,33,Yes,702.09
P0849,Male,32,17:14,108,No,0.0
P0850,Female,26,11:52,22,No,0.0
P0851,Male,32,12:01,120,Yes,432.51
P0852,Female,41,19:03,107,Yes,379.18
P0853,Male,21,13:41,20,No,0.0
P0854,Male,29,20:30,109,No,0.0
P0855,Male,54,10:38,60,No,0.0
P0856,Male,54,18:16,26,No,0.0
P0857,Male,60,13:52,108,No,0.0
P0858,Male,23,18:49,91,No,0.0
P0859,Female,56,12:28,113,No,0.0
P0860,Male,63,16:36,95,No,0.0
P0861,Female,41,20:37,33,Yes,1285.75
P0862,Male,28,15:01,28,Yes,1142.48
P0863,Female,30,15:59,46,Yes,656.45
P0864,Female,51,13:57,112,Yes,1047.71
P0865,Female,42,20:46,94,Yes,1086.02
P0866,Male,24,13:55,17,No,0.0
P0867,Male,21,13:22,37,No,0.0
P0868,Female,25,14:15,14,No,0.0
P0869,Male,37,19:57,26,No,0.0
P0870,Female,46,13:54,110,Yes,551.02
P0871,Male,62,15:44,45,Yes,1373.77
P0872,Female,63,18:53,28,Yes,1605.65
P0873,Female,27,17:45,73,Yes,1624.63
P0874,Male,60,19:00,100,Yes,1284.45
P0875,Female,51,13:32,107,Yes,1120.95
P0876,Male,43,17:42,20,No,0.0
P0877,Female,58,17:15,63,No,0.0
P0878,Female,20,14:42,54,Yes,309.81
P0879,Male,23,19:21,56,Yes,718.1
P0880,Male,22,20:06,21,No,0.0
P0881,Male,22,17:42,30,Yes,367.89
P0882,Female,64,16:46,20,No,0.0
P0883,Male,40,11:27,112,Yes,1934.88
P0884,Female,26,10:43,101,Yes,443.14
P0885,Female,52,17:40,14,No,0.0
P0886,Male,37,14:37,90,Yes,473.2
P0887,Male,59,17:00,65,Yes,1801.24
P0888,Female,52,15:52,29,No,0.0
P0889,Female,35,18:34,50,Yes,1899.07
P0890,Male,34,20:29,55,Yes,1578.49
P0891,Male,41,10:18,21,No,0.0
P0892,Male,20,10:22,79,Yes,209.73
P0893,Male,49,16:52,26,No,0.0
P0894,Male,52,10:29,28,No,0.0
P0895,Female,55,11:47,35,Yes,202.42
P0896,Female,30,16:06,57,Yes,880.58
P0897,Female,64,14:40,117,Yes,458.11
P0898,Female,42,12:07,117,Yes,233.1
P0899,Male,26,13:48,61,Yes,1035.32
P0900,Male,21,11:50,105,Yes,1897.51
P0901,Male,31,12:15,79,No,0.0
P0902,Female,54,16:01,64,Yes,782.88
P0903,Female,51,13:05,109,No,0.0
P0904,Male,28,20:55,111,Yes,1390.05
P0905,Male,58,19:43,84,No,0.0
P0906,Female,20,12:08,42,No,0.0
P0907,Female,45,14:20,71,Yes,1374.02
P0908,Male,46,18:34,97,No,0.0
P0909,Male,26,17:28,32,Yes,651.94
P0910,Female,20,11:43,24,No,0.0
P0911,Male,42,18:02,36,Yes,1370.77
P0912,Male,51,13:43,84,Yes,582.2
P0913,Male,29,18:10,73,Yes,419.61
P0914,Female,59,17:52,90,No,0.0
P0915,Female,26,10:09,60,Yes,1462.49
P0916,Female,32,16:44,62,Yes,404.19
P0917,Female,57,15:01,87,No,0.0
P0918,Female,42,13:50,100,No,0.0
P0919,Female,22,11:05,91,Yes,1994.44
P0920,Female,28,11:51,101,Yes,530.21
P0921,Male,51,10:12,60,Yes,1269.46
P0922,Male,41,16:32,56,Yes,940.47
P0923,Male,32,18:19,120,Yes,427.5
P0924,Male,55,19:57,13,No,0.0
P0925,Male,25,13:53,16,Yes,250.12
P0926,Male,22,20:01,118,Yes,1320.92
P0927,Male,43,15:13,44,Yes,1652.16
P0928,Female,35,19:25,57,Yes,1715.63
P0929,Female,23,10:11,82,Yes,1068.88
P0930,Male,54,13:28,81,Yes,1599.42
P0931,Male,30,10:13,54,Yes,1411.12
P0932,Female,45,20:32,90,No,0.0
P0933,Male,22,16:57,90,Yes,1503.66
P0934,Male,30,17:16,106,No,0.0
P0935,Female,34,16:16,105,No,0.0
P0936,Male,57,10:19,81,Yes,1086.68
P0937,Female,62,19:46,28,No,0.0
P0938,Male,49,11:09,72,Yes,1340.14
P0939,Female,46,13:30,47,Yes,1649.95
P0940,Female,20,11:40,76,No,0.0
P0941,Female,57,12:11,68,Yes,916.19
P0942,Male,51,20:22,78,Yes,1650.76
P0943,Female,57,16:20,22,No,0.0
P0944,Male,44,12:11,56,Yes,1265.63
P0945,Male,30,10:19,119,Yes,498.62
P0946,Male,62,18:55,70,No,0.0
P0947,Male,50,13:46,40,Yes,244.43
P0948,Female,23,12:33,89,Yes,852.96
P0949,Female,41,17:48,105,Yes,1184.05
P0950,Male,36,16:44,31,Yes,1711.68
P0951,Male,33,13:21,102,Yes,429.47
P0952,Female,57,10:37,95,No,0.0
P0953,Male,45,13:07,52,Yes,1640.37
P0954,Female,50,10:56,76,Yes,1753.42
P0955,Male,58,10:19,63,No,0.0
P0956,Male,30,14:32,19,No,0.0
P0957,Female,60,11:58,51,Yes,471.24
P0958,Male,62,19:42,73,Yes,1732.87
P0959,Female,42,18:35,30,Yes,1984.62
P0960,Male,59,13:40,89,Yes,1508.31
P0961,Male,53,18:45,85,Yes,1612.59
P0962,Male,44,18:34,75,Yes,1989.95
P0963,Female,55,15:35,50,No,0.0
P0964,Male,24,10:54,33,No,0.0
P0965,Male,22,18:19,44,Yes,1289.87
P0966,Male,60,18:55,65,Yes,754.2
P0967,Male,62,12:41,39,Yes,1707.56
P0968,Female,48,19:53,66,Yes,1306.07
P0969,Female,40,12:38,103,Yes,1246.15
P0970,Male,59,13:07,56,No,0.0
P0971,Female,27,10:59,44,Yes,656.54
P0972,Male,49,15:18,28,No,0.0
P0973,Male,60,13:30,17,No,0.0
P0974,Male,47,16:45,35,Yes,1561.4
P0975,Female,56,11:48,113,Yes,347.0
P0976,Female,48,11:15,80,Yes,1863.72
P0977,Female,35,19:01,39,Yes,786.48
P0978,Female,53,15:13,16,No,0.0
P0979,Female,19,11:56,76,Yes,429.99
P0980,Female,31,10:18,74,Yes,996.26
P0981,Female,30,17:11,45,Yes,276.45
P0982,Female,46,15:49,34,No,0.0
P0983,Female,29,13:02,46,Yes,1432.33
P0984,Male,56,11:52,10,Yes,1824.87
P0985,Female,19,13:02,24,Yes,1707.07
P0986,Female,49,18:00,46,Yes,429.27
P0987,Female,30,12:25,22,Yes,427.29
P0988,Female,63,20:27,113,Yes,1664.18
P0989,Female,44,11:52,17,Yes,1863.66
P0990,Female,58,17:55,14,Yes,1029.21
P0991,Female,34,15:02,69,No,0.0
P0992,Female,57,11:57,82,Yes,1098.15
P0993,Female,48,12:40,10,No,0.0
P0994,Female,51,16:40,45,Yes,772.87
P0995,Female,41,13:17,44,No,0.0
P0996,Male,62,14:19,75,Yes,1809.68
P0997,Male,52,20:59,72,No,0.0
P0998,Female,23,10:46,113,No,0.0
P0999,Female,36,16:38,32,Yes,1360.83
P1000,Male,47,19:18,18,No,0.0
